UOP;median;memBW;memcpy;memlatency;mergesort;multiply;qsort;rsort;spmv;st-matmul;st-vvadd;towers;vvadd
UOP_INV;0;0;0;0;0;0;0;0;0;0;0;0;0
UOP_SPEC;0;0;0;0;0;0;0;0;0;0;0;0;0
UOP_NOP;1920;2104;1930;2109;5411;2017;11204;1928;1920;1924;1928;2759;1920
UOP_CF;34442;241009;38375;95410;61612;39099;76261;40998;36243;37291;37014;33404;32800
UOP_CMOV;274;299;278;630;271;274;274;278;774;272;2272;274;274
UOP_LDA;0;0;0;0;0;0;0;0;0;0;0;0;0
UOP_IMEM;58970;1440647;92437;1316358;203936;74199;269983;343025;78610;116576;87014;55598;51556
UOP_IADD;104207;1412966;139209;1485938;234746;106544;250992;332455;141677;145174;144074;94481;97668
UOP_IMUL;145;162;146;280;143;145;145;146;145;12691;145;145;145
UOP_IDIV;0;0;0;0;0;0;0;0;0;0;0;0;0
UOP_ICMP;0;0;0;0;0;0;0;0;0;0;0;0;0
UOP_LOGIC;16394;18172;16550;18456;16926;22794;16393;16543;18893;16359;18365;16404;16393
UOP_SHIFT;4082;351740;7312;365471;5288;9783;9141;31991;3783;3524;5270;3300;3583
UOP_BYTE;0;1;0;1;0;0;0;0;0;0;0;0;0
UOP_MM;0;0;0;0;0;0;0;0;0;0;0;0;0
UOP_VADD;0;0;0;0;0;0;0;0;0;0;0;0;0
UOP_VSTR;0;0;0;0;0;0;0;0;0;0;0;0;0
UOP_VFADD;0;0;0;0;0;0;0;0;0;0;0;0;0
UOP_LFENCE;0;0;0;0;0;0;0;0;0;0;0;0;0
UOP_FULL_FENCE;0;0;0;0;0;0;0;0;0;0;0;0;0
UOP_ACQ_FENCE;0;0;0;0;0;0;0;0;0;0;0;0;0
UOP_REL_FENCE;0;0;0;0;0;0;0;0;0;0;0;0;0
UOP_FMEM;1111;132515;2121;1753;1093;1111;1111;1119;19207;1120;25121;1111;1111
UOP_FCF;0;0;0;0;0;0;0;0;0;0;0;0;0
UOP_FCVT;0;0;0;0;0;0;0;0;0;0;0;0;0
UOP_FADD;1345;1889;1352;2902;1342;1345;1345;1352;6744;1363;7368;1345;1345
UOP_FMUL;0;0;0;0;0;0;0;0;2399;0;0;0;0
UOP_FDIV;0;0;0;0;0;0;0;0;0;0;0;0;0
UOP_FCMP;0;0;0;0;0;0;0;0;0;0;0;0;0
UOP_FBIT;0;0;0;0;0;0;0;0;0;0;0;0;0
UOP_FCMOV;0;0;0;0;0;0;0;0;0;0;0;0;0
UOP_LD;0;0;0;0;0;0;0;0;0;0;0;0;0
UOP_ST;0;0;0;0;0;0;0;0;0;0;0;0;0
UOP_SSE;0;0;0;0;0;0;0;0;0;0;0;0;0
UOP_SIMD;0;0;0;0;0;0;0;0;0;0;0;0;0
UOP_AES;0;0;0;0;0;0;0;0;0;0;0;0;0
UOP_PCLMUL;0;0;0;0;0;0;0;0;0;0;0;0;0
UOP_X87;0;0;0;0;0;0;0;0;0;0;0;0;0
UOP_XSAVE;0;0;0;0;0;0;0;0;0;0;0;0;0
UOP_XSAVEOPT;0;0;0;0;0;0;0;0;0;0;0;0;0
total_UOPS;222890;3601504;299710;3289308;530768;257311;636849;769835;310395;336294;328571;208821;206795
avg_CPI;9.951725;9.995804;9.963912;9.992942;9.979773;9.958183;9.983104;9.985950;9.764352;9.967576;9.820605;9.948473;9.947968
total_instructions;173864;3000000;239893;3000000;415845;182582;499871;692300;253758;257055;263256;162335;161030
total_cycles;1774473;51430104;2090966;24845833;4955161;2451392;11031980;6229887;2343130;2630196;2569439;1585748;1532111
MacSim_CPI;10.206098;17.143368;8.716244;8.281944;11.915885;13.426252;22.069654;8.998826;9.233719;10.232036;9.760230;9.768368;9.514445
